taskpositionrevision,taskpositionrequestID,taskpositionwasLocallyCreated,taskpositionid,taskpositionlist_id,taskpositionvalues,taskpositiontask_id,taskpositionmatroshkaRevision,taskpositionuser_id,taskpositiontype,taskpositionisTemporary
9,BE0C8084-92C6-46A3-8622-2AA8456E15F0,false,344028561,344028561,"5057308564",0,9,0,task_position,false
0,773BB6BC-CB49-4DC5-98C2-1743C74755BD,false,344151312,344151312,"",0,0,0,task_position,false
420,8D9D4E13-D8C7-45CA-8E11-EFEDF7B0D0FD,false,344028669,344028669,"3719100100,3835786501,3685850210,3685857520,3683216453,3704852536,3707522850,3707583216,3712772252,3744559062,3744562930",0,420,0,task_position,false
20,596C1468-FD3A-46A7-B7DD-105155048C04,false,344764377,344764377,"3990791148,3990789704,3872662021,3850239259,3844306386,3737982627,3737378172,3722219281,3716721961,3705610066,3701783552,3701777906",0,20,0,task_position,false
46,F5D68615-C0FD-441A-8995-5FC0AB4F09F0,false,344920977,344920977,"3705675572,3705672372,3705667345,3715695649,3705668600,3705665113,3705663469,3705661710,3705658095,3779966287,3705673426,3705677369,3780006110,3780007844",0,46,0,task_position,false
8,27C7B575-71A3-463B-8262-F5BD182861C5,false,347203160,347203160,"5576694947,5576578480,3685855032,3737410689,3743822621,3762688354,3762687376,3762024211,3761997686",0,8,0,task_position,false
53,6070F8CA-33BF-496D-BDBD-58297DDCBFD5,false,349438411,349438411,"3990812272,3990808077,3990807200,3872685308,3872685232,3872685217,3990803489,3990797483,3990797408,3887490229,3878769748,3847209301,3841107800,3841096327,3841003628,3821913644,3840881191,3821969671,3821924926",0,53,0,task_position,false
41,B5A9FCA4-82AA-4E11-8382-1C7BBAB86197,false,345618905,345618905,"3723324209,3723322923,3723322621,3723322410,3723053867,3723050230,3723039845,3723039448,3723033821,3723033163,3723032948,3723031776,3723031321,3723027806,3723027019,3723021089,3723020681,3723019728,3723009649",0,41,0,task_position,false
51,5DB4110F-68A3-40B4-A25A-44546E9132A0,false,346227712,346227712,"3909182674,3802173929,3780895481,3743726127,3743724877,3743723808,3743653226,3743651995,3743642847,3743631589,3738288541,3738247937,3738247706,3738247506,3738226829,3738226573,3738224586,3738224496,3738224426,3738224708,3743632121",0,51,0,task_position,false
12,E658BAE1-982D-46C4-AE3C-695E13D35FFD,false,349438434,349438434,"3990810040,3841740073,3841052149,3841052008,3823908802,3821912369,3821911899,3822227273,3848294969",0,12,0,task_position,false
5,D1089DF0-AB98-48FA-BF1E-8EDEAE4C771F,false,349537113,349537113,"3878156214,3991001247,3991000829,3991000439,3975159491",0,5,0,task_position,false
80,73B91724-E26E-443C-ADE7-8314EED926D6,false,349536734,349536734,"3993983781,3991002207,3990788645,4084518592",0,80,0,task_position,false
55,9F7B03A4-F1B8-42BC-A78F-441778A9AA8D,false,349536740,349536740,"3975111822,3975109812,3996400024,3996476491,3996474162,3975090034,3912405689,3975108549,3990997560,3991001748,3864429216,3975082653,3975093123,3975094308,3942611562,3942607189,3847148177,3932679938,3996363527,4004981867,4005615500,4005616404,4005620410",0,55,0,task_position,false
2,6AC8CFEA-F587-4598-923C-8CCE860B3240,false,349537235,349537235,"3975088148,3990792614,3682736045,3683551658,3683593419,3722112458,3826656465,3831901590,3889928627,3921355127,3942598940",0,2,0,task_position,false
1,83F710DB-D046-4606-882A-EC8864F6853D,false,349537290,349537290,"3993548732,3704859489,3722267208,3835786501",0,1,0,task_position,false
12,2805007F-FED9-4AA2-8D3B-0DB03C441C99,false,349537245,349537245,"3993986152,3984239420,3942613336,4920917035,3908103677,3857124174,3744556475",0,12,0,task_position,false
2,E18FEAA7-3E8F-4BC1-A90A-1B02C29AEC07,false,349537127,349537127,"3942610772,3874679530,3864430724,3868413263,3702436312,3702540273,3702203539,3822655595,3878156214,3826460827,3829651627,3848284122,3869436609,3685872736,3744618330,3758897801,3814467673,3822547682,3822654040,3822656540,3822717908,3822718630,3826617468,3847326475,3869378871,3878058956,3878095488,3878096132,3909231274",0,2,0,task_position,false
57,A5A03DE9-3894-4114-B735-492B7FF3900C,false,349698987,349698987,"3996477639,3996477131,3996185834,3899372982,3994019147,3914719434,3994023952,3994093582,3942612095,3975704969,3991005299,3990998167,3990997227,3990996554,3990995443,3990348789,3962873905,3942571260,3975092755,3994007397,3994008834,3994012391,3994013572",0,57,0,task_position,false
5,2C74C2D0-41E7-4F68-8103-E3A08DBB5024,false,350249694,350249694,"3821975451,3821975876,3821976987",0,5,0,task_position,false
0,E07E2218-6312-4186-9D58-B2B2FB6B88B4,false,349537304,349537304,"",0,0,0,task_position,false
12,10D9DF6B-930E-4954-9C72-AA9C318EBD00,false,349699018,349699018,"3914721640",0,12,0,task_position,false
0,86A3303D-ED41-4822-8F14-D772BCC2E028,false,359131839,359131839,"",0,0,0,task_position,false
74,12CDE8DC-66E2-43AC-8128-E42EC9D4A1B2,false,390948338,390948338,"4971373227,4948604600,4955271639,4946589373,4948381038,4955271683,4955271721,4955271791,4948374199,4946653860,4955271884,4955399511,4946094115,4958098185,4946012392,4921394511,4946012532,4946009064,4948350941,4948350762,4921392129,4921383137,4928559079,4921395013,4921391348,4921391457,4921393960,4921646765,4921389011,4921389368,4921395516,4921395241,4921391690,4921389183,4927441896,4921382981,4921396831,4921391125,4921389625",0,74,0,task_position,false
2,98EC8E4A-2046-4951-AC7A-DB36323DD06E,false,350249731,350249731,"3990806426,3990806036",0,2,0,task_position,false
7,1B229B24-C485-496D-892D-853A9EF7556D,false,390948380,390948380,"4924993550,4921329818,4921305918,4921274226,4921137724,4920935101,4920925788",0,7,0,task_position,false
27,171804EC-5065-47CE-919A-A7D07AAC645B,false,390948350,390948350,"4946649148,4928275913,4927273269,4927259267,4950013055,4923723809,4921400963,4921400810,4921400599,4921400371,4921400154,4921288581,4921284994,4921269627,4921009642,4920931723",0,27,0,task_position,false
0,9A954543-2349-4562-B73C-9F592DD87805,false,353047429,353047429,"",0,0,0,task_position,false
3,034F4ED2-14B7-4244-BB8E-9F7FC09CB98D,false,390960775,390960775,"5461448239",0,3,0,task_position,false
16,E372F760-D689-4995-957C-D685CFF8577A,false,390948366,390948366,"4958164942,4958100272,4953179527,4946615931,4946589672,4928554991,4928553054,4921397579,4921376761,4921376596,4921376548,4921325606,4921292023",0,16,0,task_position,false
5,E7ECFE9C-60C3-40C9-B94F-B9FA8311868F,false,390955132,390955132,"4977971999,4924479048,4921419300,4921354770,4921147144",0,5,0,task_position,false
0,16140A40-AA69-411C-A9D9-7538F502EB13,false,390960898,390960898,"",0,0,0,task_position,false
0,2C6897E0-61EC-4CF8-A0FE-F8D25A1ED2B2,false,390960957,390960957,"",0,0,0,task_position,false
0,AA94C1F4-A2B3-40A8-9BB1-956CB2D8B2A2,false,390960980,390960980,"",0,0,0,task_position,false
0,806BB66C-3A1D-4D82-A2CD-F68F8A1D5737,false,390960942,390960942,"",0,0,0,task_position,false
0,D9810107-6421-4D15-A5E4-13D4ABF483AA,false,390961019,390961019,"",0,0,0,task_position,false
10,7EAC09C6-D4AE-47F9-B9B0-F89992B8A886,false,390948411,390948411,"4949091069,4928468200,4921652050,4921651087,4921426010,4921425787,4921398457,4921390283,4920926940",0,10,0,task_position,false
0,4829731E-9703-4215-A01D-784E8A202D9A,false,390960984,390960984,"",0,0,0,task_position,false
1,41299731-25DA-4F24-AB1D-C688905F577D,false,390961005,390961005,"4921356902",0,1,0,task_position,false
2,75847816-77F1-4F30-BE2D-85E8EA060F7B,false,390961022,390961022,"4921381089,4921380933",0,2,0,task_position,false
2,6DAB4171-0806-4D46-B463-9F8189A547F4,false,390961027,390961027,"4921357096,4921351049",0,2,0,task_position,false
1,2F9CA408-2B7F-4F8F-8495-4A6DE9C6B1AA,false,390961025,390961025,"5210962663",0,1,0,task_position,false
0,4C277A9D-6308-4245-9D04-FA889D449F7C,false,390961032,390961032,"",0,0,0,task_position,false
0,25E7599B-0BF9-4035-A5D3-00CCD29A4700,false,390961053,390961053,"",0,0,0,task_position,false
0,D0C68631-6487-463A-B109-BE8F733C58D5,false,390961039,390961039,"",0,0,0,task_position,false
1,9556E683-0A4E-4B51-9D21-D5786770C73D,false,391054382,391054382,"4924703670,4924702977",0,1,0,task_position,false
2,901C2EB9-FB1E-47C5-A74C-F76A365725A2,false,390977295,390977295,"4921904188,4921903928",0,2,0,task_position,false
0,70FDA5D4-14CF-4837-B943-6A8D28AD047B,false,391144832,391144832,"",0,0,0,task_position,false
0,5A7946DB-BACD-4ACE-B74C-2375D87D41C4,false,391061424,391061424,"",0,0,0,task_position,false
4,6BE534FB-89FF-4A27-9374-591E6DE73B68,false,391150594,391150594,"4987969991,4928103551,4928036846,4928023600",0,4,0,task_position,false
1,4578D8B3-3CB8-45D5-BECB-4B8D81AD08C8,false,391130479,391130479,"4927278672,4927201283,4927201411",0,1,0,task_position,false
0,68DF3FB3-9618-4B5E-A08A-9E8B5E2A0984,false,391148530,391148530,"",0,0,0,task_position,false
5,9931F579-4219-4969-B24E-4444AB5761CE,false,391150609,391150609,"4928182240,4928181653,4928170677,4928160572,4928099900",0,5,0,task_position,false
1,4F853AF7-5803-432F-A3E7-0839D6242163,false,391150681,391150681,"4928174944,4927865058",0,1,0,task_position,false
0,6254CC5C-E5E5-40E8-844D-E5C1DC46C438,false,391150819,391150819,"",0,0,0,task_position,false
2,51A5631E-BE1C-446E-91B5-EECCA8919EC7,false,391150795,391150795,"4927997981,4927887487",0,2,0,task_position,false
1,7E05513D-B309-444D-861C-992C04D60FC3,false,391153192,391153192,"4927941346",0,1,0,task_position,false
0,8F62E554-C393-41C4-B32D-422AA2337166,false,391152740,391152740,"",0,0,0,task_position,false
42,CA29728B-27BB-45BC-9BD8-312CDA16EE52,false,391153467,391153467,"5263920035,5263899020,5263880908,5263782240,5185636187,4936885874,4930856779,4930374351,4929320082,4929256910,4929024579,4928972707,4928972407,4928929881,4928796450,4928793238,4928783283,4928772859,4928731465,4928727304,4928621552,4928608474,4928601353,4928566455,4928564637,4928526361,4928523950,4928511053,4928509047,4928435470,4928407550,4928393550,4928388110,4928195900,4928193222,4928178855,4928108605,4928102024,4928018212,4928011823,4927987697,4927950534",0,42,0,task_position,false
0,62352928-7439-4760-98E7-B9972E254294,false,391160422,391160422,"",0,0,0,task_position,false
8,54F71837-C863-4D7A-91C6-58EF5B7AE35C,false,391160396,391160396,"5010424923,5007666968,5004349279,4997246384,4994861005,4994847388,4966212234,4928181136,4928174632",0,8,0,task_position,false
2,DA39D24B-A841-4926-9DE1-5BF8C47EE96E,false,391152483,391152483,"4928440760,4927935235",0,2,0,task_position,false
11,91248DCF-5FB4-41A5-B181-B5440A51BF87,false,391164489,391164489,"5593563331,5163098902,5079462964,5057056737,5056896573,5051918791,5042887118,5035636896,5035455347,5035454600,4997560746,4928305592",0,11,0,task_position,false
0,D9F601B1-4765-45BA-BD61-2F572813BEEB,false,391161362,391161362,"",0,0,0,task_position,false
11,DD20E0C0-AADD-4C28-9F6B-A360B74CFBF5,false,399050009,399050009,"5489518897,5337432983,5263592424,5263592261,5263591779,5263591621,5263591341,5263591063,5263590507,5263589985,5207344432",0,11,0,task_position,false
5,79D381CB-B24A-4704-8A5C-A8777A6F0D45,false,394866641,394866641,"5054628899,5054628459,5054628372,5054628237,5054627169",0,5,0,task_position,false
12,FEF30B0F-9EDA-49C5-A87D-DDC133FF4330,false,399052279,399052279,"5625013077,5284088983,5262230880,5241953346,5219022308,5219021851,5219021507,5207738666,5207635283,5207222503,5205085928,5205081006",0,12,0,task_position,false
1,C4C6B143-8A6E-4EB1-8C31-A2128E6A4D19,false,399052364,399052364,"5208145955",0,1,0,task_position,false
35,5DFD330C-577B-451D-90B2-F11762F5726B,false,399235869,399235869,"5679436437,5671470920,5669064743,5669064426,5639349466,5639349210,5635419684,5607289482,5589062610,5587786193,5580690768,5575662533,5574147332,5562456825,5557875387,5554437761,5554253003,5554252384,5554251550,5554251292,5554250885,5554250575,5512270059,5512269436,5497799849,5340827353,5336496776,5293748436,5250192218,5207399374,5207369597,5207342781,5207290856,5204785552,5204785474,5204785467",0,35,0,task_position,false
2,CFFF6E39-5B20-4600-BFD6-6EF77C513CD3,false,399296782,399296782,"5589014242,5207473886",0,2,0,task_position,false
12,E1A438D7-15D8-4288-8FC3-CA4BC5F71212,false,391164950,391164950,"4967918844,4950085674,4950053336,4946590058,4946557500,4935064679,4928618155,4928605999,4928558958,4928467477,4928319553",0,12,0,task_position,false
48,283622ED-F2E8-41F5-A3AB-77C4F92BAECC,false,399296800,399296800,"5588695949,5584956873,5584955892,5580167732,5580034352,5499116082,5499116112,5500684929,5500686147,5502362876,5502363748,5502381575,5504976655,5516687487,5516687811,5516687833,5516687853,5516735190,5516736001,5525413225,5525413246,5530549712,5530549775,5530899841,5562571119,5567333242,5567333972,5567334089,5567334216,5567334680,5562595783,5580033686,5562508068,5567332770,5567333200,5567384213,5500807069,5567334881,5499116098,5567334247,5223516257,5207567461,5207578118,5207565739,5207559011,5207476996",0,48,0,task_position,false
43,732D387B-0A08-4985-A722-988C113B0C63,false,399296682,399296682,"5507960623,5501609926,5522583760,5317406954,5316176813,5316023303,5316011761,5316009500,5316008164,5315920571,5315919968,5315919445,5315912698,5315910863,5315312832,5263857860,5263857659,5263850948,5263850645,5263762452,5262425217,5262227272,5231630224,5229091108,5229052741,5226605246,5220535072,5210970796,5210970703,5210970272,5210970102,5208326610,5207476339,5207443457,5207443335,5207427219,5207426513,5207392000,5207391847",0,43,0,task_position,false
2,A9B738A0-18DA-41ED-95B8-859F68EC67CF,false,399296829,399296829,"5562692106,5274646406,5207398366",0,2,0,task_position,false
1,D55B8BE6-DCB0-488C-9AB8-ED79D502F6CB,false,399300130,399300130,"5207530679",0,1,0,task_position,false
1,63EDAF0F-5909-4ED4-9D3A-84C7426FE791,false,399300100,399300100,"5208013518",0,1,0,task_position,false
43,6801BFDA-B09F-4953-A185-BEEF9DC3448D,false,401183233,401183233,"5600223249,5584924771,5584828065,5567353403,5567353140,5498701852,5499115923,5499115931,5501631148,5501632126,5502330886,5502345257,5502345514,5502345597,5505234060,5516718358,5522630970,5530900259,5531070095,5545586585,5545634934,5545818171,5545854475,5567316476,5567318038,5567318955,5567319612,5567319671,5567321315,5567327785,5567327976,5567328118,5562638613,5567316070,5545838732,5567318536,5567320857,5567319811,5567319778,5567324591,5567328307,5567328353,5567328100",0,43,0,task_position,false
15,8E86700E-3341-47A7-8D01-A2D3860E195E,false,403072213,403072213,"5337325691,5337325491,5337041384,5337038932,5337038809,5337037429,5337037136,5337036862,5337036529,5337036314,5337035624,5337035357,5337035145,5337034864,5337034716",0,15,0,task_position,false
2,B796FEFD-7E8C-468C-B6E1-D592E70CFF74,false,399301001,399301001,"5519582788,5207556951",0,2,0,task_position,false
2,C657E381-2EE9-43D6-B1FB-D25FAF3B2C86,false,399300455,399300455,"5316109069,5207538052",0,2,0,task_position,false
0,8A2DA9B4-8EFB-46BD-A7F6-394AB39F159A,false,405221820,405221820,"",0,0,0,task_position,false
0,1F630DCF-41B4-42F0-AA77-0B255C4C2F8B,false,405221846,405221846,"",0,0,0,task_position,false
1,B6E2F054-A938-4CEB-88D3-CC3417F65D08,false,405221878,405221878,"5501623737",0,1,0,task_position,false
1,1EDFBD71-482B-427F-8036-8D4B94045A50,false,405221857,405221857,"5501622925",0,1,0,task_position,false
0,B773C0EB-85DD-4D87-B0ED-A9C04FD3AB5E,false,405221922,405221922,"",0,0,0,task_position,false
20,644E9938-824A-4686-8392-B842085670E8,false,407806973,407806973,"5567328738,5567328718,5567329227,5567329296,5567329275",0,20,0,task_position,false
0,A3B003F1-FE2E-43E4-B522-F43BD90456D1,false,399300436,399300436,"",0,0,0,task_position,false
3,55014780-90B2-4CEA-983A-B0A829D993A4,false,409663946,409663946,"5567374017,5567334839,5564239528",0,3,0,task_position,false
5,33FD3869-F0C5-40B5-9A59-2117AB8EDF02,false,410250697,410250697,"5607442780,5607429898,5589302439,5589302101,5589299549,5589297525,5589297778,5589298078",0,5,0,task_position,false
1,34E29B85-D769-416E-B610-DD9EBB9D7DBF,false,409994067,409994067,"5580562206",0,1,0,task_position,false
0,AD74575D-0F3E-4B32-9603-274A132076FF,false,407992322,407992322,"",0,0,0,task_position,false
71,36B8A79F-92DC-4266-8179-81A1D37C45DE,false,407806974,407806974,"5588455160,5588453383,5584920640,5580226803,5499115909,5499115941,5499115976,5499115984,5499115991,5499116006,5499116078,5499116089,5499151143,5501625574,5501625706,5501625766,5501625840,5501625870,5501625914,5501639058,5501639951,5501640923,5501641686,5501642777,5501646040,5502355113,5502355149,5502355178,5502355195,5502355364,5502357235,5505234013,5516720084,5516735174,5516735600,5522631186,5525427083,5530885104,5530885157,5530898246,5530998332,5530998714,5531006576,5531045350,5531069985,5567333261,5567334703,5567335005,5567334488,5567334556,5567334612,5567334747,5567335056,5567335130,5567347037,5567348165,5567348536,5567349063,5567349627,5567349817,5567350018,5574316006,5567347493,5567347669,5567347878,5567348354,5567348812,5567349352,5567350230,5567350428,5567350785,5567346711,5567346352,5567345468,5567345555,5499124205,5567347270",0,71,0,task_position,false
0,4871C56F-6953-4BD8-B22D-C1C060E39542,false,410251372,410251372,"",0,0,0,task_position,false
5,4D82294C-5109-4890-89F0-1AD2336DA8A8,false,410250963,410250963,"5601891679,5589397381,5589396532,5589395844,5589392704,5589306504",0,5,0,task_position,false
0,7DE24C54-8542-406B-AD84-213F2762C23C,false,409994062,409994062,"",0,0,0,task_position,false
0,8887A0DF-B21A-49CF-A252-65733C354F27,false,409664010,409664010,"",0,0,0,task_position,false
1,0E8543DD-0DE1-472D-B332-04E409B8D44F,false,410250919,410250919,"5589484709,5589305341",0,1,0,task_position,false
1,17BFB08B-4748-4B1D-BF40-6D1F9AEB487C,false,410253301,410253301,"5589427568,5589377041",0,1,0,task_position,false
1,B9B5425B-C7FA-4267-A2BD-A2914A064BAA,false,410253116,410253116,"5631973152,5589372445,5589374070",0,1,0,task_position,false
59,08EBC3BB-11B3-4634-8EA3-AE1EF6D02DA0,false,410251015,410251015,"5616817088,5589481452,5589448724,5589434717,5589434671,5589434561,5589434406,5589433958,5589433855,5589433820,5589433786,5589433771,5589433730,5589412151,5589412103,5589411973,5589411621,5589411465,5589411419,5589410090,5589410051,5589410020,5589409888,5589409807,5589409726,5589409649,5589409596,5589409315,5589409240,5589408472,5589408258,5589407598,5589406796,5589406436,5589406183,5589405799,5589405390,5589405218,5589405064,5589404432,5589404024,5589403822,5589403661,5589403556,5589403369,5589403235,5589403117,5589403005,5589401881,5589401764,5589401441,5589400472,5589398880,5589398839,5589364907,5589358700,5589344575,5589344101,5589321218,5589310307,5589308335",0,59,0,task_position,false
44,E40200A3-803B-48A4-BDF8-4B69D2913A51,false,410253502,410253502,"5667713786,5665539288,5662876375,5637926290,5635640147,5635612208,5635606032,5635602209,5635267191,5635023807,5635004804,5632456807,5615996615,5612307145,5607467935,5607454903,5607454241,5607413858,5607411767,5607397406,5607395921,5607393799,5607388411,5607387387,5607332609,5607328891,5607319271,5607317456,5607316175,5607309950,5607284980,5607267149,5607182678,5607104656,5606327832,5601769964,5601742855,5601741615,5601727495,5598516937,5598444143,5598249550,5598246166,5595196822,5589384083",0,44,0,task_position,false
0,CD134EAD-780D-4150-878D-C8625FFAD1DE,false,410254545,410254545,"5589417285",0,0,0,task_position,false
60,0C4DC718-5CD8-4EB5-A01F-881395B1CCF3,false,410383560,410383560,"5635413170,5635411216,5635408142,5635405356,5635212512,5616918732,5616704493,5607327701,5607326836,5607307940,5607306433,5607300593,5607298999,5607297594,5607296092,5607293322,5607262143,5607256739,5607185701,5606326256,5601828250,5601807075,5601806873,5595429771,5595427518,5595427040,5595426944,5595396225,5595396198,5595395374,5595394197,5595393391,5595391911,5595291594,5595287160,5595285915,5595270898,5595270402,5595269977,5595269816,5595268118,5595267280,5595267110,5595266846,5595266105,5595265772,5595265096,5595241076,5595239687,5595239306,5595238020,5595233959,5595232855,5595231654,5595230914,5595230741,5595212814,5595212032,5595211177,5595206443,5595199284,5595199302",0,60,0,task_position,false
12,3B2072A6-B7F2-431C-83EB-2ACDD6BB83CA,false,410383353,410383353,"5638116111,5632432588,5632407619,5632405891,5632401253,5632019446,5632018865,5631968588,5618289191,5618286717,5612346044,5609020910,5595191587",0,12,0,task_position,false
0,6BCB3DF5-81C3-4327-A48F-91FF65238FEF,false,410385522,410385522,"",0,0,0,task_position,false
1,6A8976E0-DBA3-4547-972B-B88859F5F7BF,false,410385641,410385641,"5595275705,5595275485",0,1,0,task_position,false
1,123B9218-3E05-49A4-B69A-E9503DC8E9F9,false,410389088,410389088,"5595397270",0,1,0,task_position,false
3,F983C96F-7DDA-42FD-80D0-9A0D400AB96A,false,410386754,410386754,"5595389213,5595315963,5595315808",0,3,0,task_position,false
2,7FFF77B7-9267-44CF-9492-165911729437,false,410455572,410455572,"5598124679,5598123688",0,2,0,task_position,false
2,022CC3EF-06C3-44EC-9946-8EC080418CF4,false,410713377,410713377,"5607349884,5607349420",0,2,0,task_position,false
0,FB8612E5-C253-4D60-A5A7-FCCA283B8965,false,410556387,410556387,"5601765655",0,0,0,task_position,false
0,24FBCD30-C0A7-46FB-8ACD-E9FE4031DFFA,false,410468326,410468326,"",0,0,0,task_position,false
49,2129F388-3749-410C-A1A1-4F84CED6D503,false,410713435,410713435,"5635489488,5635483377,5607658930,5607640148,5607639231,5607636894,5607623108,5607610748,5607605631,5607605559,5607596239,5607595922,5607593376,5607592312,5607588742,5607585077,5607579960,5607576872,5607568223,5607567986,5607565615,5607564367,5607563117,5607562903,5607561169,5607560562,5607549115,5607540683,5607540153,5607526345,5607505274,5607496349,5607493381,5607492349,5607386861,5607385214,5607385027,5607380769,5607375237,5607374425,5607372857,5607372432,5607371391,5607370270,5607368434,5607365562,5607364642,5607352560,5607351593",0,49,0,task_position,false
27,85D767AA-6348-475E-98B5-15C618DE4296,false,410722431,410722431,"5644578236,5637979196,5635658931,5635380852,5635380663,5635380435,5635369454,5635366310,5635366235,5635351563,5635346693,5635253629,5635250141,5635244754,5631974797,5631974594,5625164750,5616916565,5612209516,5612178671,5612176448,5612174110,5611862708,5609469399,5609365283,5609129937,5607631994",0,27,0,task_position,false
6,1193E04A-25C1-40B1-9B61-EB0212BBB7BF,false,410716513,410716513,"5607744377,5607710798,5607710175,5607709776,5607709520,5607709410",0,6,0,task_position,false
4,1A78D206-DCBA-4DC8-8526-C2A1D28D4839,false,410723374,410723374,"5635339609,5635332008,5635317676,5610572499,5607663944",0,4,0,task_position,false
0,3EC59E74-B08E-405B-8A9B-5AE706F879B1,false,410834686,410834686,"5611955822",0,0,0,task_position,false
1,3367C732-C5FF-4B2A-869D-33AAB7A182D3,false,410933787,410933787,"5616678670",0,1,0,task_position,false
1,7B7EC212-7F07-45E3-999C-F5DE960B9235,false,410917617,410917617,"5635343815,5615986459",0,1,0,task_position,false
8,16AB171B-7967-4611-B7B4-0DDF7650EB92,false,410933087,410933087,"5616912202,5616682881,5616749390,5616681017,5616679334,5616656991,5616648403",0,8,0,task_position,false
1,A97E9238-70AE-4844-9C13-19844A9ADF0D,false,410934610,410934610,"5616711838",0,1,0,task_position,false
1,1A9D8F83-E0AC-4B39-BBF0-18BF7C65835A,false,410940092,410940092,"5616910323",0,1,0,task_position,false
9,B5B017EF-03E7-4AAB-8885-5F19A088BFB3,false,410936516,410936516,"5616868071,5616867743,5616866560,5616862729,5616862405,5616861812,5616832675,5616832371,5616817451",0,9,0,task_position,false
0,CAF9243A-5D80-4984-A42D-8B3AAE1D9B2A,false,411018614,411018614,"",0,0,0,task_position,false
1,93EE9A4E-E348-42B2-99E9-95C11062CE28,false,410992249,410992249,"5619115250,5619110369,5619111261,5619111753",0,1,0,task_position,false
5,1DBB9374-B421-4122-BD41-B98D731B640A,false,411451993,411451993,"5665567185,5665556499,5635303431,5635277193,5635270291",0,5,0,task_position,false
7,48FBFEE2-247C-4423-A6A3-87FA5FFBD187,false,411483823,411483823,"5637935268,5637828599,5637131907,5637131721,5637126858,5637126492,5637126300,5637126048,5637126068",0,7,0,task_position,false
9,6233CCA0-0BC4-43D3-AC4F-3BBDC086B8FE,false,411367723,411367723,"5632004767,5632004369,5632004195,5632003592,5632003421,5632002747,5631999046,5631983677,5631979641,5631979628,5631979633,5631979614,5631979622",0,9,0,task_position,false
43,464A50D1-3721-44F1-ACF5-3CFCB90D974A,false,411454313,411454313,"5637950355,5637917670,5637916935,5637833994,5637789946,5637771862,5637761347,5637313003,5637279827,5637276899,5637274816,5637267294,5637208619,5637208434,5637207132,5637197041,5637013239,5636922125,5635846227,5635845744,5635845636,5635686450,5635676590,5635672079,5635669460,5635667491,5635666430,5635664709,5635662128,5635661055,5635660721,5635575856,5635468613,5635468302,5635444413,5635438464,5635435698,5635434084,5635431792,5635431100,5635430829,5635430289,5635429171,5635426593",0,43,0,task_position,false
3,076487FC-24C4-4798-BD3E-7A387ACA6896,false,411652633,411652633,"5643889782,5643889203,5643811603",0,3,0,task_position,false
5,90EFBD5A-9EE6-48FC-8D05-7C33C8ABF30C,false,411507235,411507235,"5638074050,5638043376,5638043261,5638042957,5638042819",0,5,0,task_position,false
0,64997AC2-7E14-439C-B03E-0720B38CBE3C,false,411674283,411674283,"5644576374",0,0,0,task_position,false
72,EA6DF539-853B-4B94-A940-BB1E88807720,false,411382331,411382331,"5959736229,5711581420,5709682004,5709679956,5702556179,5637916690,5637846552,5637846484,5637743472,5637741904,5637741589,5637741092,5637741014,5637320473,5637320352,5635962473,5635564434,5635562921,5635562678,5635562570,5635514567,5635514439,5635236864,5635236725,5635236475,5635172601,5635172085,5635172054,5635171989,5632626225,5632626164,5632625752,5632625635,5632622264,5632622163,5632622029,5632621941,5632621804,5632621654,5632509109,5632508760,5632508522,5632508381,5632500984,5632500126,5632499879,5632499519,5632499445,5632484525,5632479582,5632476450,5632475776,5632475506,5632475102,5632471505,5632471380,5632470658,5632463007,5632461626,5632461395,5632461314,5632460693,5632455265,5632455137,5632454326,5632454096,5632453540,5632452899,5632452043,5632451931,5632451580,5632451401,5632451319,5632451337,5632451345,5632451351,5632451366,5632451375,5632451396",0,72,0,task_position,false
0,B4C6C187-7535-4338-BF6A-3231B112F62E,false,411676411,411676411,"",0,0,0,task_position,false
1,0AFC1E15-E133-4A25-84DD-1F66BE5181EB,false,411656692,411656692,"5643971895",0,1,0,task_position,false
13,E3DFA49B-146F-46AF-8861-9C08431DE558,false,412610947,412610947,"5702009776,5701968307,5691821303,5691806870,5689082422,5686173802,5686119605,5686119546,5686114822,5686114260,5686113466,5685778962",0,13,0,task_position,false
22,D1248995-EFF0-4199-AD26-8421E58B5CA9,false,412610860,412610860,"5695820813,5691820216,5691764786,5691763956,5691686472,5691643097,5686643877,5686644203,5691642665,5686237912,5686237379,5686183841,5686183359,5686177738,5686169164,5686168584,5686161709,5686142071,5686138294,5686120663,5686116013,5686103574,5685781208",0,22,0,task_position,false
5,2DC9ED14-4A25-4392-BD07-B71146698820,false,412617509,412617509,"5695188389,5686851138,5686141043,5686140628,5686139873",0,5,0,task_position,false
0,0686F39E-6EEF-4A51-B5B8-1D098851F92D,false,412743937,412743937,"",0,0,0,task_position,false
7,A8006110-C54C-4A67-81FA-291CA479555C,false,412739999,412739999,"5695847368,5695691684,5695691277,5692351012,5691721113,5691713760",0,7,0,task_position,false
1,FDF1FD0B-2225-4E71-A367-223EE7EDE833,false,412740071,412740071,"5686158260",0,1,0,task_position,false
1,5E241EBA-6DB3-4BBE-97EC-D0DF356AE4B9,false,412818486,412818486,"5695673856",0,1,0,task_position,false
1,27DAD8F7-4BD1-43F6-817C-C6A626D66D82,false,412818534,412818534,"5695684648",0,1,0,task_position,false
2,00425FA2-097B-4504-9ADE-D86198A4530D,false,412740065,412740065,"5701787495,5695826853",0,2,0,task_position,false
8,229192ED-F414-4076-94DC-4D1CAF1D1F9A,false,412743968,412743968,"5695723572,5695664650,5695660858,5695652373,5695651874,5695651523,5695476738,5695476141",0,8,0,task_position,false
0,ECB44CAB-659B-4645-9A39-47B25FE12C02,false,412818494,412818494,"",0,0,0,task_position,false
3,FCA2E470-B947-4F9F-A382-0990B873D483,false,412818544,412818544,"5695764948,5695690346,5695689622",0,3,0,task_position,false
2,10A6BC0A-D18A-4B06-9EAF-53D093699008,false,412819337,412819337,"5695811621,5695725697",0,2,0,task_position,false
4,1C6BA382-D2E0-47D6-B5A8-6AE8FCDBCBB3,false,412819343,412819343,"5695784514,5695735292,5695710819,5695710725",0,4,0,task_position,false
